Comment,label
ayo ayo moga allah swt lindung amin,netral
harga sehat patuh anjur perintah sehat sakit,positif
update maret malaysia total kes,netral
duit borong masker borong sanitizer borong bahan pokokbagi g duit diem nunggu ajaib perintah perhati kaum miskin,netral
displin jaga sehat berfikir positiv tahan solat doa,positif
kesel dengar orang bilang pimpin salah pimpin diem aja woy emang mnrt pimpin salah sh pimpin keluarga lingkung susah sih gitu seegknya bantu perintah mutus mata rantai virus bisa gmn indonesia maju gantung perintah introspeksi aja susah sih ampun dah,negatif
tinggal sembuh ya allah jauh keluarga sakit virus jauh marabahaya amin ya rabb,positif
sholat hajad allah moga virus hilang total ramadhan hilang total dunia,positif
moga tim sehat,positif
atur masyarakat tenang semangat ikut baik,positif
kampaye aja sibuk partai partai kaos duit virus corona mala masker masker,positif
menit bicara teks pintar cerdas sehat,positif
moga besuk tinggal nambah sembuh,netral
mohon wajib tes covid seluruh puskesmas puskesmas wilayah indonesia kecuali amin,netral
kondisi nurani uji pikir jatah orang masker niat sumbang tim medis orang jalan tugas pakai masker oportunis panic buying bbrp harga butuh pokok kasi kaum miskin sanggup makan hr aja udah alhamdulillah,negatif
insha allah corona aamiin,netral
moga yuri sehat ya lelah,positif
nurut warga daerah rawan sm himbauan perintah parah kondisi,netral
sehat yuri moga cepat selesai ya,positif
presentase mati indonesia tinggi ken dirumahaja kerja ngga diliburin but tetep jaga jarak moga indonesia dunia cepat pulih,positif
ambil manfaat moga cepet sadar harga masker wowww banget,positif
astaghfirullah ya alloh smoga musnah virus corona aamiin ya robb,netral
ya allah lindung keluarga sehat,positif
ga liat teks salut,netral
moga sehat tular moga sakit corona cepat sembuh moga ilmu cepat temu vaksin anti virus moga bencana virus hilang ramadhan,positif
nonton ngelike komen pedes,positif
lelah sampe males ngitung korban,negatif
ya allah lindung sodara bangsa dri virus amin,netral
ya allah moga cepat musibah virus,positif
gw jd inget quick count angka quick count bs rekayasa angka bs skenario moga puncak gunung es virus corona nya cepat cair hilang dr indonesia,positif
alhamdulillah komentar netizen udah positif,positif
tolong tolong ikutin atur perintah pusat menjaaga lingkung gausah rumah ga banvet,negatif
nambah gkpapa tahu kena dikit gk deteksi,negatif
hati lelah muncul tv ngabarin corona sabar ya,negatif
moga lekas sembuh positif kena virus,netral
yuri moga sehat,positif
proyek freemason illuminati amerika israel dkk partai siluman duit dll dng,netral
semuga ramadan virus allah hilang angkat moga sakit cepat sembuh aamiin,positif
bismilahirohmannirohim moga allah swt hilang wabah dunia aamiin yaa rabbal allaamiin,netral
moga corona cepat pergi pergi terima kasih kepada corona sekolah libur un hapus,positif
moga positif cepat sembuh tinggal moga husnul khotimah sehat mari jaga personal sehat bersih moga hindar dr virus apa aamiin,positif
covid cuci tangan pakai sabuno olah raga minum air putihv vitamin jaga jarak,netral
takut virus corona takut allah swt,netral
nunggu komen indonesia tular corana,netral
tambah dr papua merauke,netral
berita jd,netral
sakit tipes corona,netral
pda sebenernya bingung karna ga pdhal skrg indonesia kurs rupiah turun,negatif
isolasi bandara wara wiri wna,netral
moga cepat selesai,positif
hobby kumpul kumpul picu sebar virus covid kumpul kumpul mati mati aja nyebarin orang,netral
plis smpe tinggal,netral
yaa allah mudah an virus cepat suci ramadhan aamiin,positif
ayo warga an santuy warga pd nongkrong d jln pke masker,netral
chanel cnn indonesia sprtinya wartawan nya g prnh nonton berita islam kuasa allah swt jdi video isi perintah,netral
omg angka mati,netral
bicara mantap mudah paham baca teks bicara ayom sehat mantap,positif
moga sehat pa achmad yuriyanto info terupdate,positif
sehat ya pa wlaupun lelah mmperingat trm ks,positif
ajar ambil virus covid corona canggih apa teknologi manusia sang maha cipta,positif
lindung ya allah,netral
alhamdulillah screening test massal spt korea soft lockdown aja ksi bbrp usaha msih,positif
orang indonesia pikir mati kena korona kelaparankekonyolan hqq,negatif
tambah trus ya allah moga virus yh cepet hilang amiinn,positif
positif covid rs biaya biaya perintah mohon cerah,positif
perintah hasil curang presiden hasil tipu tipu,netral
sbntr uji skolah ramadhan sbntr smoga virus corona sgra pergi dri negara indonesia amin,netral
,netral
pulau riau tinggal corona fakta,netral
bilang corona tentara allah,netral
ampun hamba mu ya allah moga hilang virus corona dri alam dunia ya allah,negatif
doa moga virus hilang indo ya allah kasihan rakyat miskin muslim d indo,negatif
banyak mati semuh orang bilang kena virus corona sembuh,positif
moga cepat indonesia bebas covid,positif
saudara mari nyala tunggu perintah tindak mari jaga keluarga saudara sahabat jaga bersih jaga daya tahan tubuh olah raga atur makan sehat doa mohon lindung kpd sang cipta tawakkal serah,positif
moga depan sembuh tinggal ayo disiplin plissssss baik,positif
achmad jubir corona smoga sehat bicara gampang fahami kalang awam smangat,positif
ya alloh bebas negeri virus bahaya allohumaaminn,positif
nambah minggu nambah ribu luar positif liar,positif
death rate guys be safe,netral
moga cepat temu vaksin ampuh dunia sehat,positif
indonesia sakithkg,netral
yaallah udah kena,netral
moga allah lindung kuarga,netral
coba lh doa dg spiritual khusus obat,positif
cuman kalinnya,netral
update mitigasi tangan nya boss baru terap,netral
virus bahaya jiwa ayok harga putus perintah aja,netral
jaga daya tahan tubuh moga sehat,positif
bismillah moga jauh wabah yaalloh sehat selamat negeri,positif
moga indonesia cepet reda dlm hadap wabah kovid secepetnya tangan moga tuhan lindung rakyat indonesia amin,positif
kalo jd pahlawan negeri patuh anjur pemrintah,netral
moga cepat atas anak narik ojek lg utk hidup kelg ya allah lindung moga engkau curah sehat selamat utk rakyat indonesia aamiin ya rabbalallamiin,positif
inalilahi wa innailahi rojjiun ya allah rindungilah smg sehat umur ya allah hilang virus memporak porandakan umat manusia bumi moga sakit cepat pulih korban engkau terima sisi ya allah ammiiinnn,positif
tinggal da,netral
pemrintah bingung masyarakat sibuk berkat sibuk rewang sibuk manten sibuk hajat,positif
msh komen slalu mnyalahkan,netral
smga uji cepat selesai pasien sembuh,positif
innalilahi wainailaihi rajiunsmg cepat baik,positif
ya allah rezim perintah virus corona biar mati amin,netral
ya allah banget tinggal jepang ngikutin atur perintah dr maret kluar rmh stay safe ya indonesia,positif
alhammdulilah swmbuh moga sembuh,netral
tinggal x lipat dr sembuh ya allah,positif
sore jumpa pers lagikorban tewas lagiinpo palid,negatif
semangat semangat patuh anjur perintah indonesia lawan,netral
taat anjur perintah diem rumah cepet pulih kembli bangsa ya alllah,netral
anggap enteng menkes dmn skrng,positif
bicara bagus salut,positif
ga lockdown sewaaan cicil jalan wkkkkk,netral
derita axienty semangat yah negative thinking semangat ayooo,negatif
ya allah ampun dosa hamba mu ya allah ampun dosa keluarga ku aminnn,netral
,netral
udh hr d liat berita bgni eeh kemaren gue mergokin laki gue cek in ama ciway laen streesss ga tuh,netral
calon top global corona,positif
skrg cman bsa doa usaha ikut saran perintah smoga positif lg jalan lurus dgan mati amin,positif
buka youtube klik trending klik berita isi perintah atas corona hasil bikin pusing rakyat,netral
moga kerja lapanganyang libur hindar virus wabah,positif
terkadang orang tengah bawah sperti mikir mati karna corona mati karna lapar,negatif
moga wabah cepat amin,positif
iya lock dowen,netral
klu tes masal cepat,positif
amin moga indonesia segaera bebas virus covid,positif
yah allah tolong selamafkan virus corona karna derita kangker otak suami salah rumah sakit pasyen jangkit corona,netral
terimakasih yuri,netral
mati sembuh njir bahaya,negatif
moga allah sembuh pasien virus corona sehat jaga tenaga ahli medis tangan pasien virus aamiin,positif
,netral
moga lekas baik balik musibah pasti hikmah,negatif
moga lekas sembuh bumi virus corona cepat hilang ramadhan,netral
ya tuhan hindar keluarga virus corona mati amin,netral
tolong lockdwon aja ngeri lihat nya orang liar karna penuh butuh hidup negara lockdwon ibu mati ratus gimana liar penuh butuh hidup,positif
semogga cepet musnah pirus korona ya allah,netral
lockdown aja cegah sebar covid,netral
semangat jaga sehat bersih moga wabah virus corona cepat aamiin,positif
awat maju singapur,netral
lekas sembuh infeksi,netral
ya allah ya tuhan jauh keluarga anak cucu adek abang kakak kakak jauh virus corona amin ya allah,positif
daerah edar hoax ttg pasien covid status odp tinggal camat tinggal sih sedih orang tega sebar hoax tngh musibah tp syukur krn hoax daerah waspada yah acuh pilih keluyur,negatif
doa usaha cari vaksin smoga cepat jasa harga bos qu semangat,positif
ngeyel yamg warga,netral
perintah kalo gin mulu prubahan,netral
saran ya positif gejala kudu isolasi d rs,positif
thanks info batas siaga,positif
ya alloh moga cepat hilang corona ad d indonesia,positif
heran virus serang manusia terna hewan virus mati hewan hidup manusia kena dampak berita abar,negatif
ya allah smakin nambah turs hari moga lekas sembuh trjangkit virus corona moga virus lekas punah dri muka bumi aamiin,positif
wuhan butuh desember maret utk bebas corona indo moga sehat slalu,positif
bilang pingin sehat isolasi mudah nasib kerja buruh peran perintah tunggu bilang kali kali himbauan kayak efek kerja masuk jalan rutinitasnya usaha rugi usaha bayar gaji karyawan rumah isolasi sosial distance usaha tiongkok indonesia bingung sehat isolasi makan ya sperti solusi,positif
berdo a allah swt zdikir banyak sholawat insyallah aman virus covid,positif
aja tiru tuh italywarga sepele corona bla bla blawarga tentang perintah lockdown coronalihat tuh angka mati krn lebih china,netral
buset udah negara engga lockdown,netral
tunggu sampe mati putus lockdown,negatif
tri bilang indo bebas corona udah deteksi canggih tpi bukti,positif
tinggal sembuh sembuh gimna sih bener,positif
hai perintah ngomong doang ada masker az ada apotik kosong,negatif
semenjak sunda empire tangkap tatanan bumi kacau he viss,netral
tamu bebas masuktuan rumah suruh ndekem didalamsama bae boong,positif
youtube inggris lansia isolasi kaerena rentan tular,negatif
tolong bilangin ngeyel,netral
salah ga sadar hadap virus dr jaga harga,negatif
lockdwone saka jkrt bal jawa sebar sabang merauke,netral
buset death rate nya euy kemaren skg lipat jd sorry nih ya kek kira gw orang positive nyampe deh dlm minggu depan kek gin,positif
diem aja d rumah beli ngga duit masker handsanitizer udh pd mahal udh pd kaga vitamin aja ga bsa beli doa moga lindung sehat trs,netral
moga orang timbun masker cepat mati,positif
masyarakat butuh masker pk,netral
virus hilang obat kece bayar,netral
knp wartawan nanya mati indonesia ya,netral
mau rumah kmna kerja gk libur usaha,netral
sakit tanggung hindar covid kena masak suruh obat rumah fakta perintah abai rakyat nya,netral
agregat mati pola hidup sembrono,negatif
lock down sehat no materi utama,positif
saudara sabar takut virus corona tuhan tau hamba doa kenal jdi uji selesai cepat,negatif
maaf solusi cicil tunggak kaum kaum hari,negatif
china temu obat nya share obat dunia negara infeksi,netral
baca selamat keluarga nama dar contoh mohon maaf sama nama,netral
yurianto muncul youtube takut hahahah gk bawa kabar smoga yah anak berita depan,netral
endonesa trnyta jmlhny sdkt dbndnkn cina itali,netral
jaga jarak jaga kontak cokkkk,netral
orang populer jumpa pers,positif
takut corona tuhan bawa agama tutup bodoh,negatif
lbh takut sm binatang buas sprti singa harimau drpd virus so stay keep calm and enjoy your life,positif
mohon sadar,positif
isolasi tmpt keramain,netral
moga cepat hilang corona indonesia,positif
sepele himbauan perintah virus korona nyata cegah obat takut,positif
inti diem rumah stop kumpul rumah agama,netral
moga hadap covid iniagar bumi sembuhhkasian bumi tuhan,netral
cek pelosok negerimasih blm identifikasi desa ribu puluh ribu jangkit corona cek positif pindah pulau udah siapin,positif
tambah peran masyarakat butuh,netral
cnn ngehoax ya jdi jongose gub dki ya ksih berita valid,netral
knp mati,netral
astagfirullah asa barusan bru liat tinggal eh udh,netral
coba kasih vidionya orang indo sdh kna virus corona biar smua hati hati,negatif
sekolah libur tp tetangga latih danza dibilangin susah ndak,positif
blooom perintah gerak melockdown kota sebar nya,netral
lockdown jakarta jawa mati tingkat ratus,negatif
parah lapar nih gimana solusi,positif
mati serang jantung,netral
suara bilang covid azab utk china ampe indonesia,netral
bulan ad udah trinfksi cpet bngt mnggl sklai ya alloh ampun dosa kminy alloh sgeralah ambil wbah covid ijinkan mnjlani ibdh puasa idul fitri bsa dmai tenang khusuk amin,positif
ya alloh kali komentar biar pemerintahmasyarakat butuh masker hand sanitizer harga normaldengarlah rakyak,positif
perintah dengar teliti lihat aja tuh komen takut corona takut tuhan,negatif
fokus jaga masyarakat mari henti salah fokus baik,netral
tuju perintah masker gratis like,positif
italy ajar salah italy,negatif
perintah opservasi warga karna warga tau jangkit,netral
sholat tahajud sholat taubat ampun sm alloh swt d sudah sakit negara blm mumpuni dlm mghadapi ny kasihan tenaga medis dokter spesialis pda tinggal brati proteksi pada,negatif
capai people death,netral
dirincikan capai an tsb daerah provinsi jakarta,positif
sulawesi selatan update,netral
diliburin libur masyarakat,netral
bicara indonesia negara maju ya,positif
korban tinggal ya bgt,negatif
mari tingkat imunitas tubuh konten corona sudut pandang akupresur moga manfaat,positif
welcome to indonesia,netral
masyarakat resah derita siar publik masyarakat g tau waspada,positif
ayok sayaa ajak istighfar like comment istighfar istighfar hindar virus aamiin,netral
makan bilang rumah pergi libur,netral
stay rumah gerak rebah asupan makan nntn nya berita stress kah,netral
moga jauhkn virus corona aamiin,positif
harga masker kotak dekat harga emas gram,positif
kondusif harga masker kau pilih rakyat kau kuasa,netral
jgan lockdown tunggu ribu orang jdi korban biar ad rekor dunia,netral
simak kondisi kini covid terima kasih informasi,positif
chinna turun tuh virus ngukutin aja,negatif
tolong masyarakat pnya hajat nikah khitan mohon dihimbau d suruh tunda,netral
kalo berfikir sakit orang orang kaya suka negeri dampak welcom to indonesia,negatif
hindarii ramai please,netral
piye iki ros nambah,positif
nih obat avigan datang,netral
malaysia langsung lockdwon,netral
duit ayo abidjan beli masker,netral
mati akibat covid d asia tenggara no indonesia malaysia singapura parah korban tinggal,negatif
sakit obat wabah atas amiinn,netral
makasih pa jaga sehat pa,positif
batuk,netral
astaghfirullohal adziim innalillaahi wa inna ilaihi roji uun ya alloh tambah keep stay at home usaha usaha kerjasama perintah kerja karyawannya rumah aja kasih libur parcial tekan angka tular,netral
sini sesekk nafass,netral
inalillahiwainailaihirojiuun moga khusnulkhotimah,netral
minum vit c gimana,netral
kalsel,netral
harap buka yutub kena kurang bertambh,negatif
buset tinggal banget kasus,positif
ayo warga kn ego lebay ngeyel sok tau jaga bersih taat atur perintah kurang epidemic corona,positif
jabat kencing diri rakyat kencing lari,netral
sayang keluarga rumah,netral
hehehehe mpon mpon neh kaleng kaleng bro,netral
hi must under the sun,netral
asstagfirullohkenapa,netral
setidaknnnnya sembuh,negatif
tgl blm update,netral
menghawatirkan pas arus mudik kampung kena imbas smoga bln ramadhan virus lenyap ya allah,netral
bandel tau tp tetep pergi kena perintah salah,negatif
stay safe moga cepat baik sedia,positif
seleksi alam kuat tahan lemah habisambil hikmah nya,negatif
mari rame rame doa smoga korona hilang ramadhan aamiin,negatif
gimana ngurus corona ngurus masker n sanitizer aja becus,netral
y allah moga cepet tolong gula pasir kemas ko nyarinya susah y smnjak d corona,negatif
bandara labuh terima datang orang china corona lenyap bumi pertiwi korban,netral
indonesia udah garis merah,netral
malaysia tinggal dikit indo lumayan arang a alat apd barang mahal,negatif
anying orang suruh gin gitu panik orang kasih masuk suek anying,positif
harareboh corona corona mun ceuk allah keuna rek ngaromong naon rek make masker rangkep make hand sanitizer galon ge ai geus waktuna keuna mah nya keuna we,netral
hormat tolong lihat guna krl jam berangkat pulang kerja tolong bijak,positif
pakkk,netral
negara primitif lawan virus modern,positif
duluin,netral
musim hujan hujan gmpang kena demam jaga sehat,positif
stay at home thanks sehat,netral
moga sakit sembuh sehat jaga kesehatanya mari disiplin,positif
sakit rumah sakit paranormal,netral
saran klu bs perintah bagi masker gratis rakyat nya karna butuh,positif
corona berakir doa allah corona hilang muka bumi biar manusia aktipitas amin,netral
uji kuat hati tahan moga rumah hidup keluarga lindung amin pakai semboyan truck gandeng jaga jarak,netral
kadang udah bener program social distancing eh orang anggap sepele salah contoh aja belanja butuh pokok minimarket udah pake apd social distancing pas antre bayar eh nyerempet deket deket negur bilang lebay,positif
ga lockdown,netral
gimana indonesia badengardan ambil pusing masyrakatnya sakit positif coroona berbaahaya banget bro,negatif
assalamualaikum corona sulit masuk indonesia mudah masuk orang negeri bawa wabah masuk indonesia tri sehat tolong obat vacsin imunisasi krn dampak kebal virus,positif
menteri sehat mana biadab ingat,positif
bnyk jdi jual dada masker hand sanitizer harga stabil kali lipat,positif
ayo support kooperatif warga indonesia stop salah selesai masalahdan lupa doa lewat uji amin,negatif
ya allah selamat negri bencana wabah sakit takut mati ya allah aamiin,netral
bom tes masal ya kalo udah tes masal ngejar posisi italy laku warga indo ngeyel ga atur,netral
makasih mengupdate info baru smg nya tetep sehat d jauh sgla sakit smg smw d jauh sgla penykit kena smg lekas sembuh sehat,positif
ditangerang bnyk rmh tegur gala alas financial emng warga gk urus nya dapur,positif
assalamualaikum gimana cegah hujan buat isi basmi virus contoh indonesia landa kering tabur garam hujan buat,negatif
korban nya langsung ledak gin tahap tolong kepala batu sadar,positif
tolong tes buah pohon ketap dipake obat virus corona,netral
allahu akbar,netral
indonesia lock down,netral
ayo kerjasama perintah pusing diem rumah aja biar sebar semuanyaaa,netral
indonesia darurat sadar jdi ginih akibat nuruti perintah bentar aja susah nya sih,negatif
sebenernya gen nghindarin alias waspada peemintaan masrakat sangkut denggan bang cnn menyapaykan pemeeintah tangguh selam,netral
semangat awan hasil lalai remeh thdp wabah tanggung ya biar kena reshuffle aja,netral
gimana nih krja hari nganggur lg mkan mati,netral
kaget,positif
terimakasih yuri,netral
gw positive udh cuman sadar aja jangkit virus,positif
malaysia gelintir keras kepala tentera kerah,negatif
periksa nyata negative kena sembuh main angka kasi rakyat virus masuk indonesia nntinya,negatif
resep obat virus corona kapulaga gramcengkeh gram,netral
d jakarta bs manfaat wisma atlet mgkn manfaat kampus gor utk ruang isolasi papar virus lebih kapasitas rumah sakit,positif
mudah mudah cepet kelar biyar gw bebas,positif
iya rakyat hidup paspasan gimna gk ikhtiar hari aja bingung mikir perlu hidup,positif
semangat,netral
banget mati,negatif
sadar masyarakat dlm arti gejala periksa catat sedia alat test rumah sakit daerah tiru warga korea selatan lockdown rakyat sadar partisipasi masyarakat tangan wabah cepat atas,positif
usaha morowali lihat hari karyawan desa mobil angkut karyawan mana dalam gabung kerja asing,negatif
,netral
indonesia hancur sombong komunis corona wuhan,netral
bilang hati hati sehat sdh infeksi ngetest gmna bnyk ngomong cerita indah action masyarakat nol smp skrg masker aja susah disinfektan aja mahal hebat perintah kalo jadi sinetron mgkn rating,positif
akibat perintah mulu gap remeh tp pintu msk negara buka cari wisatawan data tutupin korban positif gk data jalan ya jdi rakyat gk tau kemna korban udh ribu bs rawat gk ad tugas alat dll korban positif nnti mati pertlongan ya rakyat jdi korban ya,positif
mengagap remeh anggap enteng korban tinggal kena corona sadar,positif
suruh diem dirmh mending lockdonw nyalahin bisa nnti ud bru lockdonw,netral
orang miskin,negatif
inti ihtiar berdo a,negatif
teman tular temu mall kondisi demam mual batuk dll kantor langsung suruh,netral
ya allah amba mohon henti virus corona landa indonesia,netral
fatality rate covid indonesia banget,positif
ayo warga bebergian remeh sakit lihat negara italy,netral
isolasi dri trs gmn dpt pengobtanya,netral
sebenernya sembuh obat aja blm pas cek detek trus nyata sembuhpulang rumah nyebarin virus orang daya tahanya lemah lgsg sakit,negatif
assalamualaikum buah mengkudu jahe bawang putih mohon percobaanperasaan kuat resep ilmu harap ilmu baca coba wassalam,positif
binggung komentar opo haha,negatif
dimedsos tegas lapangn karna masyarakat ngeyel,negatif
virus,netral
jaga daya tahan tubuh ga instan virus tubuh masuk virus tubuh sakit azab ya robb ngeri yak ampun ya allah ampuuunn tunjuk maha esa mu hamba percayaaa,netral
tolong harga masker normal kasi uang,positif
virus cina alat cina,netral
siap strategi oenyembuhan tresing ketes masal obat siap,positif
nih ilmu indonesia virus tanding bunuh corona tinggal sebar aja virus tanding corona hilang,netral
mohon cek corona sulsel banget,positif
udah sakit mah sakit aja,netral
sumatera selatan,netral
gimana ga korban jiwa orang beli masker aja ga bunuh rakyat nimbun masker,negatif
mati,netral
dr mah,netral
harap orang jaga diri,netral
kutuk jual masker dll wabah ambil sempat dlm sempit bunuh,negatif
ya allah sya cmn turun harga masker kasi gk beli gk pas virus corona harga masker ribu aoa ribu tolong donk negara indonesia hidup sehat kalo kaya gin harga masker mkn virus tambah kalo tolong like biar manusia juak masker mikir sehat,positif
pandemi sebar luas sakit kawasan benua dunia wabah kbbi sakit tular jangkit cepat serang orang daerah luas sakit wabah cacar disentri kolera epidemic definisi kbbi sakit tular jangkit cepat daerah luas timbul korban sakit jangkit daerah,negatif
lock down,netral
panik jokowi bangun rumah sakit khusus korona pulau galang batam,positif
gimana cegah coba gwa mw beli masker apotek aja kgak sengaja timbun biar warga mati bngsat emng pra jual masker sengja nimbun tolong perintah sika sangsi timbun masker naik harga masker,positif
jaga sehat,positif
keteter virus buming santuy perintah anjay lockdown lock down begok becus,negatif
isolasi ngomongin kalo rumah ukur meter isi orang rumah dempet,netral
gmna ne tmbah tmbah bnyak marila patuh atur kbersihan,netral
agus p karna doacovid lets try your country,netral
yaallah moga virus corona hilang ramadhan dateng aamiin,netral
masyarakat indonesia ajak lockdown libur nongkrong ntar gilir kena teriak perintah salah rezim salah jokowi,negatif
inallilahi duka baik parah,negatif
ya alloh trus tambah semo cepat musnah virur corona muka bumi biar trus tambah korban ganas virus aminnnn,negatif
cari masker sanitizer aja susah chek lapang bos,negatif
diam rumah diam rumahdiam rumah diam rumah,netral
stay at home stay safe,netral
takut kemarin ngomong korona takut allah takut halah bacot takut korona turun bawa allah dikeluarin fatwa mui aja tentang yah agama ilmu omong kosong,negatif
masyakarat sadar kasihan perintah kasihan tim medis,positif
sisih pihak jahat bnyk tersikirkan,negatif
jokowi lockdown,netral
tess masallnya gratis atauuu,positif
minggu d ribu virus corona sebar cepat warga indonesia remeh corona serah d doa,positif
hitung haya dihimbau lokdouwn dlu bilang bagus orang nambah kena astaga tolong tutup,positif
hehehehe bicara kayak ahli aja ajar,netral
masker,netral
masyarakat udah ikut anjur pememrintah stay at home perlu luar rumah akses masker sulit,negatif
lihat positif lambat tular kemarin nambah nambah moga lambat henti amin,positif
corona tumbuh asal dri cm diam,negatif
virus sebar cepat masifsudah sulit bendung laju sebar lokal transmisikalau perintah kerepotancara tempuh tekan sebar virus,negatif
hidup dunia cuman kalo mati hidup mangka puasa insyaallah sakit sembuh allah swt lupa sholat shalat berwudhu lh sih jalanni hidup sehat insyallah lindung allah swt amin,positif
jaga sehat gaes takut virus takut maha kuasa,netral
cepat lockdown,positif
case mati tingkat mati buka percaya dokter cmn asumsi penangananya pada dr alat sehat,positif
kampung weekend pd ngumpul dengerin lagu nyanyi besok pergi siskambling bikin lgi dri rt rw tindak buka hotline mana rakyat bikin lapor utk dekat cuek nakal nongkrong dllkyk gin lockdown nya stay rmh aja susah habis komplain nyalahin perintah,negatif
lok down aja dr pda taat,positif
perintah lambat menanganj,negatif
warga indonesia semangat sakit kayak libur suruh drmh libur wkwk,positif
bener g sih corona virus dr kelelawar tp g ad y mati kelelawar,positif
masker susah cari handsanitaizer harga y langit bantu perintah,negatif
seblum puasa cepat laku lock down umat manusia,positif
screening skrining cnn indonseia,netral
malaysia udah lockdown mongolia langsung lockdown,netral
demam sakit tenggorok besok ny sehat dwmam sakit tenggorok batuk ringan dahak papar virus corona tolong info alam,positif
cepet banget,positif
daerah lurah adakan cek sehat masyarakat makasih,positif
harap nambah teman ga diomogi tular,netral
batuk dahak same tb,netral
hebat teks,positif
rem bro angka mati nya bilang,negatif
mari dukung himbaun perintah,netral
jngan biacra skrang blum lockdown mari jaga kluar rumah mngkrantina bicara lockdown blum kurung ya malaysia blum lockdowm total bnyak wrganya ngluh gx,positif
achmad yurianto terimakasih dedikasi nya moga keluarga lindung allah amin moga masyarakat indonesia sehat walafiat amin,positif
lockdown jalan baik,positif
kenal nama parno gk,netral
mati udah kenq corona udah ribu indonesia,negatif
dampak virus tp muncul gejala ringan takut pulang rumah takut carier nularin keluarga moga sehat tuhanaamiin,positif
kerja gk libur gimana nihh,netral
orang haram kayak gin bikin perintah susah udah tau d negri ad virus corona pergi kluar negri bawak virus nya bikin resah kalo udh gin cobak ngeluh smua ajir,negatif
takut corona harus nya takut allah swt karna tegur,negatif
banget rate mati indonesia,negatif
jujur sebenernya nanang covid indonesia lambat bilang lambat indonesia jangkit responsif perintah tindak lanjut virus indonesia jangkit virus negara rebak luas indonesia depan ekonomi sehat rakyat susah si nge lock down ga ngalahin perintah si tugas putus sebar covid rebak luas,negatif
orang china majalengka jawa barat kemarin tv suwasta aja gk isolasi,netral
,netral
hadhuhh indonesia msh rekor norway maret,netral
,netral
perintah lot rakyat ya gk bs atur,netral
butuh masker,netral
masyarakat ayo bantu perintah tenaga medis ikut atur perintah simple baik masyarakat keluarga temen dll moga cepat pulih aminn,positif
ancam serius wabah virus corona mati banding sembuh cepat atas wabah serius kiamat dunia wallahuallam,negatif
dont panic jaga seh jaga jarak utk komunikasi orang moga warga indo sadar anggap remeh virus,positif
tuntas,positif
kantor swasta buka hindar virus corana mohon kantor pusat,netral
kabar gemiranya berita mulu tundakane pie,positif
saatny jokowibiktikn kpiawaian mnyelamatkn warga negara mnepati janji bmanfaat kartu bagikn,positif
ngeri ya,negatif
diam rumah lihat anak ga makan intruksi solusi negara sibuk penting inisiasi kalang tengah atas coba lihat suara paksa diam diam hadir lapar keluarga masker aja ga sanggup beli harga langit handsanitizer belm nasi anteng dirmh bajwa bangsa bangsa tidal rakyat nya butuh situasi bangsa dl suka menghisap darah bangsa mana letak bangga bangsa indonesia,positif
pray for word,netral
bismillah datang wabah sebab krn maksiat jalan dg wabah ingat smua berfikir bwt dosa cm ente tanggung akibat tp smua bs tanggung akibat ayuk bebenah bebenah hati,positif
daerah himbau an,netral
corona bahaya sembuh tenang panik mati sembuh jiwa manusiawi ku getar,positif
masker sarung tangan handsanitizer daerah langka cegah langka resah tolong jalan cuman himbauwan,positif
orang indo sok sok an udah nak,negatif
indonesia santuy saking santuynya dunia panik indonesia piknik wkwkwkwkwk masyarakat salah perintah hujat,netral
doa semoha sembuh jiwa mati,negatif
kayak amerika tinggal sembuh,positif
beli masker walpun murah larang timbun coba beli aja harga mahal stock tetep timbun males jual takut tangkap binggung tangkap hitung jari penimbum mula pro da jual ketar tir,positif
patuh atur perintah pusat cegah tular,netral
ya allah milik pada,netral
first,netral
orang indonesia bantu dcukupi butuh rumah udah g bodo,positif
malaysia mati indonesia mati itali korban mati sembuh lbh dr mati indonesia bnyk resiko mati diam jiwa,positif
slhnya diam rmh ikut intruksi perintah cegah virus sebar please,netral
sya bilang jaga jarak sosial semi lockdown gmn solusi biaya hidup n byr utang slma diam rmh cz pkerjaan sya slh driver ojol,positif
lockdown solusi kerja hubung orang himbauan kerja rumah usaha swasta harus karyawannya masuk,positif
aplause si planga plongo,netral
kt harap rakyat indonesia dgil kurangkn rumh negara,netral
parahsi tpi gw sih bodoamat,negatif
diem d rumh kerja retail,netral
lockdown kaya italia usir warga asing china bangsa karna bawa penyakitfakta modar karna corona,positif
lesat,netral
heran presentase mati beda tangan indonesia egak malaysia,netral
ojol gmn rumah mati kena coronadi rumah mati ga makananya allah pada sembah pada mohon tolong,negatif
baik ganti,positif
update orang mninggal update ditemukanya vaksin bunuh corona nih botak,netral
coba tutup akses masuk negeri tutup akses negeri aman,positif
persentase mati indonesia negara jawab cuman disiplin kasih libur tamasya nongkrong jalan biar kata gaul sok kuat takabur anggap enteng wabah indonesia santuy barbar alhasil tular rebak tengah kurang alat medis teks papar,positif
lockdown,netral
jangn pda bandel ikut anjur perintah,netral
bohong data lapang,netral
kurang korban jatuh sangan berat lockdown berat nyawa harga,negatif
terimakasi achmad yurianto informasi moga sehat gbu to all and stay safe,positif
inti nya lock down kalo lockdown hindar corona malu gengsi kadrunbiarin aja tular perintah dah beli obat nya,negatif
nambah trs,netral
tindak orang orang harga masker,netral
sehat mahal jaga bersih sehat,positif
bangun tata manusia bumi rupa sesuai manusia hancur hukum alam nomor,positif
tes nya bayar,netral
kasihan abar berita buruk,negatif
udah masa panggil mbak dukun,netral
welcom to indonesia atur langgar wkwkwkkk imun manusia usia muda bagus banding imun tua komplikasi jegala call center isolasi jaga sehat lupa pake masker umur muda triase medik prioritas,positif
ga pake masker,netral
ya alloh pidah virus corona indonesia laut,netral
pasrah karna kerja d proyek d lapangn ga da pilih perut ttp kenyang moga dalm lindung ya allah amin amin yarobal alamin,positif
wow malu ah gk banget,negatif
patuh perintah perintah ga lokdwon coba kaya tetangga langsung lokdwon ga korban,positif
selagi ngak lockdown awal ketat polisi tentara tambah suruh warga asing pulang malang ramai ajar sebar malang orang kaya ngak virus tular,negatif
jubir na hebat gk corona mkn aja tuh,positif
sosialisasi dokter masuk rumah periksa masyarakat biar cepet tenang masyarakat nunggu rs lanjur sakit,negatif
first berita,positif
gratis harga cek corona,positif
ngomong orang mulu mana menkes bilang corona sembuh ga nongol dampingin kasih info ga muncul trus kerja menkes,netral
mari smua angkat tangan luang wktu untk baca al fatihah amiennn smoga msa sulit tolong perintah perhati rakyat sedia an batas dlm butuh pokok,negatif
masker gratis and sanitizer bos,positif
salah dar udah stop jalan masuk negeri wabah indonesia temu vc an aja negara,negatif
mas orang ngumpul ngumpul,netral
indonesia lockdown aja tolong banget dilockdown aja kalo gin mah ga ngaruh udah tau orang indonesia batu batu,positif
takut virus,negatif
indonesia tlg gaul dg orang anggap enteng covid ni blh harap dg perintah mula isolasi sentiasa cuci tangan dg sabun detik kerap,positif
cerita sosial distancing ramai anjur harap kali presiden donk buang badan kepala daerah,positif
tuhan kati kpd presiden pemerintahanya sadar selamat bangsa moga cepat atas ekonomi indonesia cepat stabilamin,positif
malaisia orang aja indonesia ter orangindonesia disiplin,netral
selisih orang saudi,netral
pemrintah gimana udah cegah covid nyuruh henti giat social gimana nasib pegwai pabrik langgar atur nya aja ttp produksi kerja udah kasih surat edar pmerintah henti kalo virus nular warga situ atw keluarga nya bahaya boss nya ga mikir nunggu karyawan nya positive kali gikiran udah kena nyalahin perintah setan warga,negatif
jd tri sehat,positif
jakrta yaa daerah informasi update langsung pemda gimana nih,positif
moga pandemi corona pergi indonesia yuk apatis putus rantai tular sehat indonesia ku amin,positif
sadar masyarakat virus trus tambah nyala perintah perintah sdh upaya atas musibah baik sadar utk aktivitas risiko jangkit virus,positif
banyak dki jakarta,netral
corona indonesia mari bantu tanggulang wabah corona cepat atas,positif
lebay,netral
terima kasih pk trus update hari sehat sehat pk,positif
ajar smp utama penting penting pribadi ajar agama islam utama pahala tolong orang lupa tolong,positif
ajar smp utama penting penting pribadi ajar agama islam utama pahala tolong orang lupa tolong,positif
jakarta udar corona,netral
orang financial nya mati covid jujur beli masker harga lembaratau beli antiseptic harga adil,positif
cuy indonesia tuh channel si logika aa rancu wakwkawka ken nampar tuh statement pake bukti,netral
pasar rumah mari lawan covid,netral
beda skit pake masker sehat ga prlu orang skt akn minder pake masker hrsny d anjur sehat n skt pke msker bgt bego,positif
duit santui rakyat miskin kerja sejari mkan hari larang makan perintah mohon erti nya,negatif
innalillah moga lockdown ayo teman isolasi diam rumah desak maslahat,netral
flu burung vs db corona gejala china corona demam batuk indonesia corona n dri dlu istrahat sakit lansia tidur atas motor beku,negatif
selamat malam doa sehat suka pidato teks tenang,positif
ngeyel,netral
gws world,netral
isolasi perum cirebon cemooh diketawain shalat rumah ketawa orang bilang mui cirebon anjur shalat berjama ah masjid shalat jum at laksana masjid aji jalan bilang jangantakut corona takut allah sakit allah lindung masjid gambar isolasi cirebon sepenuh laksana,positif
nasib bagi kurir,netral
gue ken denger komentar perintah kemrn bikin joke kait corona netizen kemrn bilang orang indonesia kebal virus corona komentar izin allah manusia sombong dikit fatal moga allah ampun indonesia,netral
harap angka trakhir gk smpe andal perintah jaga keluarga minum vitamin jamu rempah jemur jaga bersih berat sih mmerangi ayo rang,positif
iran italy patuh himbauan perintah,netral
ok udah bgini brarti udah kena brarti dah kena ribu pasok obat amanin jenis obat reda gejala search aja media utub contoh spt ibuprofen n tylenol preferrably,positif
kompas tv one muncul data akurat,positif
pikir asa film film akan paksa tebak nebak,negatif
auto ribu kena,netral
dengerin patuh perintah meminimalisir cegah corona umat dungu sok kuat sok berani bawa nama tuhan tp pas kena corona mati keluarga menyalahakan perintah udah umat dungu sok pandang enteng virus waspada umat dungu,positif
hebat pa ahmad penting waspada masyarakat ttg edukasi perintah jajar haraoan media nitisen bantu sosialis hoax bingung masyarakat,positif
adzab,netral
udah suspek udah ribu lebihhhh lambatttttt kalo udah puluh ribu repot lhu mantaunya,positif
dettol kosongalkohol kosongmasker kosonghand sanitizer kosong,negatif
coronaa pergi engkauu,netral
ayo indonesia be smart stay homejaga jarak,positif
ya alloh orang ind meanggap virus dg remeh kecuali doa hrs ikhtiar dg patuh perintah intruksikan moga allah tolong bangsa ind dg rahmat kasih sayang aamiin,netral
apa virus presiden ama menkes nya gk tampil gk mutu blas,netral
elu nongol bawa berita buruk update pasien betambah bsk loh blm tp udh bs tebak pst elu nongol lg bsk bawa berita update pasien tingkat lg ya lusa gt lg smpe trus solusi nya ap ya perintah,negatif
in fact knapa case d indo nambah thts mean periksa sblumnya kn blum bsa tau bhkn smpai d rgukan who d bayang total tgl ktahuan alhamdulillah nambah loh baik tlah perintah warga indo bantu perintah tolong bantu bantu lambat we fight this virus all of us remember lambat note oh iya baca flu batuk harap social distancing trus buang ludah ciduh,negatif
orang indonesia banyak bilang gk takut sm corona lbh takut sma allah emang gk takut sm allah tp sehat ikut atur perintah,positif
akun cloning buzzer dsb waris pilpres pilkada dki msh byk aja kolom komen youtube ga bs ya screening ky gn,netral
kaya tau corona pas orang depok kaya udh corona pikir ki,netral
persentase mati huaks,negatif
dengerin tuh manusia bebal mati tangan tuhan bebal nurut kena orang kena mati mati aja moga sehat tabah,positif
tau umur korban tinggal umur nya muda umur,positif
ya allah moga virus korona bumi ramadhan selamat jauh virus mati,negatif
disruh drmh sush,netral
aja kena virus,netral
moga virus corona cepat resah manusia lagiini tingkat darurat jaga sehat kitasering cuci tangan pakai sabun biar bersih sehatperbanyak makan makan vitamin buah buah sayur dll,positif
takut aja jalan mati nemenin keluarga teman awat damping sembuh tinggal mikir takziah nguburin oh ya allah angkat virus ya allah ramadan,netral
warga jakarta curiga infeksi corona dada sakit tp bayar cek rumah sakit usaha sepi kantor tutup harap perintah jakarta bs solusi masyarakat gratis moga jokowi baca coment,positif
positif tp cm sakit ringan isolasi sndiri rumah berat bantu dr keluarga sulit krn jaga jarak lihat d wuhan kluarga pasien positif apd lengkap sperti,positif
penuh orang tabligh akbar dkm nya panitia peduli,positif
dimalaysia tinggal skrng smua orang libur slama ttp brada didlam rumah tpi negara libur pergi libur emmm kuasa langsung tindak,netral
udh deh masyarakat kadang bandel aware klau rumah tp klau dar jalan plis sehat carrier sakit nular anak muda ngopi sebat gada otak,positif
hallo warga indonesia mayoritas orang islam sholat doa mohon allah virus cepat hilang ramadhan,positif
konsultasi bayar mahal,negatif
please update tinggal nya tinggal covid nya berita tinggal dar suspect blm positif covid biar mengurangin panik masyarakat angka korban tinggal tambah,positif
president ri,netral
brp ya,netral
y alloh smoga buln suci romadhon corona clear hilng agr ibadah puasa trawih lncar tidk larang amien,positif
tolong yuri lockdown negara tp kasih solusi ekonomi masyarakat rakyat indonesia banyak hidup kalang tengah klu sruh rmh ya ga cari uang makan ga bayar cicil tolong solusi,positif
wspda shabt saudara korona,netral
nanya nih sakit bawa kek bronkitis flu sesak napas resiko gag sih,netral
sih m fungsi,netral
laku tes covid masal indonesia peta sebar covid sebar covid,netral
keppo indonesia angka mati ya warga benah barangkali kurang angka mati malay aja udah orang kena tinggal an tinggal an,negatif
a muda positif ga kliatan sakit qta priksa qta positif ga nya gmn sdngkan rmh skit ga nrima nyari masker susah skali a mahal masyarakat gmn isolasi rumah sdngkan kerja rumah ga kerja ga makan perintah mikir smpe situ ga ngomong gampang jalalani a gmn soluisi kmi butuh teori,negatif
dispelekan indo gabakal kena corona dll jabat anggap lelucon dr presiden suruh minum jamu jabat nya cegah tp biar buka bandara cmn pasang ecek suhu termometer heboh wni positif corona sampe skrgpun tambah moga lekas pulih indo anggap spele depan nya gerak cepat,positif
yaa allah moga cepet barlalu,netral
takabur sih uji allah ngejamin indonesia sterill covid dewa boss olah istimewa rakyat layan rakyat nya meng istimewa rakyat,netral
aneh bin ajaib bnyk negara papar virus corona tp jabat militer kena corona tinggal dunia amazingrata media berita masyarakat awam bnyk korban corona tinggal konspirasi balik corona,negatif
waduk pluwet kumpul orang malam,netral
sebenernya kali muncul ni virus indonesia sdh aja deteksi lapor tingkat apa moga ni virus lekas go away amin terinveksi lekas sembuh tinggal tambah khusnul khotimah amin blm infeksi mari bantu doa lawan virus salah patuh atur warga bijak takut allah swt tp ikhtiar salah ya,positif
protokol datang nyampe rumah pergi jemur matahari halaman buka sepatu pintu pasuk rumah tuang semprot alkohol desinfektan sepatu tsb,netral
moga achmad sehat slalu ya tau lelah muncul dpn layar topik berita bkan berita hari sehat sehat orang orang diri d gardu sehat,positif
parah takut kerja daftar sehat hadap dg pasien tolong perintah libur,negatif
stay at home borong bekal bahan pokok makan tinggal diam rumah moga hasil,netral
doa utk tim medis awat dokter tenaga tehnisnya tim layan bersih peyexia makan moga sehat krkuatsn fisik kati tihan maha esa umur sehat walafiat dlm jalan tugas amin,positif
laku atur sosial distance trus nasib kerja lapang supir kernet supir truk ojek online dagang kaki ttp cari nafkah keluarga ny suami kerja nya kernet supir truk diam rumah suami kirim barang corona nya bnyak tolong perhati rakyat,positif
masyarakat suruh rumah semntara hrs bayar pinjam finance bank solusi perintah bg coruna tangan serius serius urus perut kena coruna kena lambung busung lapar,negatif
usul info jaga jarak m orang wajib tegur orang brdempetan,netral
nya nambah mulu salah,negatif
scrining test bayar,netral
tolong keluh ringan usaha isolasi,netral
cari klinik masker udah habis gmna nih,netral
akibat ideologi atas agamamakan tuh ideologi,netral
hallo pimpin,netral
m,netral
moga virus china lekas lenyap bumi indonesia aamiin,netral
sok pinter comment perintah tanggap kebanyakn koment keluyur kayak kelelawar iya perintah salah langsung lockdown iya salah perintah perintah keluyur keluyur waras,negatif
perintah sombong indonesia kebal corona gilir kena bingung ngadepin nya,negatif
please lock down jakarta,netral
aslkum tangan virus corona cepat selesai amiinnn virus corona tangan spt virus hepatitis b luas nang orang ga sulit obat kondisi rs nya,positif
badan gw anget tp cmn area jidat leher doang ya sistem imun ku lawan corona,negatif
tolong pa hub ntt tutup benerbangan kasi orang ntt kurang rs tenaga medis miskin klau obat bayar pake sakit ajja obat tradisional,netral
kalo rakyat negara sehat didik maju aman tentara nya kuat rakyat sakit sakit sehat moga depan perintah atur dunia sehat,positif
ayo yaahh sakit ngga sakit rumah aja ga ush ga jaga jarak kerja abis kerja langsung pulang ngga rumah datang langsung cuci tangan ganti baju semangat,negatif
ayo bahu bahu gotong royong bebas corona butuh bersih disiplin,positif
barangkali disni anggota polres hinbau tutup buat sim karna situ syarat sidik jari sidik jari pake ganti harap tutup,negatif
virus bahaya liat kematianya virus mati imun kuat imun lemah percaya kuasa patuh perintah rumah insya allah april virus musnah,negatif
percaya tuhan aja sehat dptkan berfikiran tkut kena krna batin jasmani jdi down percya pda tuhan jlini sehat,positif
orang indonesia susah atur ingat bilang masyarakat kelompok kelompok anak suami tetangga ngumpul ngumpul jaga jara pakai masker,negatif
negri daya dlm korona tambah retorika politik bodoh rakyat nampak baser rezim asbun kumpul muas tuan presiden biar rakyat kapar perut kuasa mekar,negatif
perintah keras krna patuh anjur perintah salam harga tp selamat jaga jarak menjahui tp antisipasi ayo indonesia bsa coba smgat sinergi hindar serah pd kuat illahi,positif
waspada sabar usaha jaga usaha mengatasisi covid salah bentuk tawakkal allah papar sembuh tinggal sesuai sunatullah moga tinggal amal baik kedaan salah allah maha kam luas langit bumi,positif
persentase korban tinggal kontra produktif santuy bgt sewa influenser kenal promosi in pariwisata indonesia wabah corona wuhan ya nasi bubur mari bantu perintah putus rantai sebar virus rumah rutin cuci tangan terap pola hidup sehat panik ragu tarap sosial distancing luar,positif
ngomongnya mudah pdahal kenyataanya lapang aja masker handsanitizer dll tau gimana langkang gimana mahal liat kenyataanya mudah ngomong pake masker sering cuci tangan,positif
lock down boss,netral
isolasi rumah liburin aja tingkat positif tambah gmna,positif
assalamualaikum tri kes gakk lock down indo gmn ada tes ksehatan stiap puskesmas rt rw tes jkt doang khawatir daerah pangandaran jawa barat instruksi apa tkt paaakkk toloonggg,negatif
bus jakarta sumbar tutup tolong sumbar,netral
dengerin ya kalo lockdown tuh stok makan nya kasih perintah ga nyetok logistik kalo lockdown ga kasi logistik mati beda aja jalan warga milih mati korona mati lapar,netral
mati pesimis gw negara dikit banget,netral
si awan ga,positif
alat tes biozex covid banyak test rumah karantina mandiri tunjuk obat minum gejala berita jangkit aja bikin stress,positif
berita buruk perintah peka,negatif
obat corona udah distri busi sih indonesia,netral
sakit orang kaya senang pergi imbas orang miskin,negatif
manado sanitizer masker kosong smua perintah tolong kaum miskin bagi lindung miskin manusia layak sehat hidup,positif
astaghfirullah udah ajah,netral
introspeksi salah hare krishna hare krishna krishna krishna hare harehare rama hare rama,netral
sya esok hri bs tembus angka infeksi krn orang indo bandel,netral
emang sih kaula muda ngopa ngopi nongki udah imbau ngelakuin social distancing mikir fisik kuat corona ga bahaya ga mikir dampak orang carrier virus,positif
perintah sembako biar suami bs tinggal rumah cari duit orang kaya sm pegawai sih enak tinggal rumah santai aja trus giamana nasib kalo kerja cuman ngojek doang kadang dapet kadang gimana coba,positif
pikir kerja g duit kantor kasih bijak bla bla bla,positif
tanjak gaes me sadar lockdown lambat mana haha ujung nya mati tangan tuhan,positif
mmg obatmya msh bnyak tinggal,netral
semangat indonesia negara cepat basmi corona kuat ekonomi baik,positif
gimana gotong royong semangat ad semangat,netral
knp tambah blm utk kendali santai santai sebar bagai cb tiru taiwan tnp lockdown hasil kendali,netral
panik bosan panik,negatif
tangan maximal lolos pantau alat alat sehat modern canggih indo no angka mati seasia parah,positif
warga indonesia pingsan duga corona jauhin dekatin,negatif
beda china ama indonesia indonesia bacot nya kerja nya pakar undang manfaat nya beda ama china irit bicara kuat kerja nya bahu bahu cepat selesai,netral
corona virus ngak tahan karna made in china,netral
covid hilang muka bumi,netral
indonesia angka mati orang indonesia ndableg kena dsalahkan perintah kena sombong sok kuat pola hidup sehat nya buruk brpengaruh angka survive nya orang trjangkiti,positif
kerja makan lurrr kluar rumah trus makan makan kerja uang beli beras orang miskin isolasi sulit lurrr,negatif
keluarga mudik desa sowan ortu paksa kemaren nelpon ortu maaf sowan kota tinggal positif covid khawatir nekat mudik stigma negatif desa,negatif
nich fatality ratenya bilang roket,netral
iya isolasi laku duit hari dagang makan sepi dagang isolasi kluarga makan,netral
kantor teman cerita kalimantan selatan hebat pasien corona kantor buka trus absen sidik jari jalan sedia hand sanitizer dsb samping kantor nya kolam renang kelola dinas pemuda olahraga jadi fasilitas buka ramai unjung renang ya hari orang unjung renang gedung futsal kelola dinas pemuda olahraga provinsi,positif
nasib kerja hari cari uang suap nasi harinyabagaimana pikir perintah masyarakat miskin tinggal kontra uang uang bekerjauntuk perintah pikir masyarakat miskin nasib rumah sumbang perintah,negatif
gw bingung orang data ya,negatif
warga sadar bahaya corona karna tewas coba udah sadar doa aja ketawa ketiwi takut corona pas kena nyalahin orang dah brengsek emanng orang kek gitu,positif
tinggal sembuh,netral
coba menigal cantum alamat lengkap nya total masuk tv hitung,positif
moga beli masker sanitizer pikir orang penting cepat sadar malu buat,positif
knp hrs rahasia orang sdh infeksi buka lbh publikasi aja spy kontak langsung langsung periksa tunggu perintah pantau kontak sih pasien sdh infeksi mgkn sdh tular orang krn ga tau kontak orang positif,negatif
lihat daerah bpjs periksa dipuskesamas lihat parah sakit cek apa kasih obat kalo pake bpjs perintah layan padal pasien takut trjadi pt bpjs layan priksa rs kecuali opname padal bayar iuaran takut cek positif takut sebar mohon layan diperbaikimaaf dar info,negatif
pandang spiritual virus corona makhluk keri kasat mata virus corona cipta bunuh manusia sebar udara sebar dunia mati krn virus corona dlm pandang spiritual tulis kode spidol permanen tubuh kode spiritual alam semesta insyaallah selamat dr virus corona virus corona abai krn kode tubuh sdh kena virus corona angsur sembuh dr virus corona bkn hoax tp ranah spiritual ma rifat teliti sesuai nyata fakta nya hati virus corona sulit deteksi gejala krn virus sebar udara smga terhidar selamat virus corona amin group spiritual hening wusul,negatif
klau kayak gin cebong lucknut membully anis ngumpet,netral
minggu udah ngalahin singapur total jangkit,netral
hutung infeksi banding tinggal sembuh gagap nubras nubras akibat sok pd awal istifar astaghfirullah adzimmi,negatif
bosan guepengen umumin menteri sehat,netral
kon melu perintah ae angel eram an gatel i ancene,negatif
jakarta ga lockdown biar cegah,netral
komentar orang indonesia salah berdo a nkri cinta virus cepat patuh intruksi perintah virus sebar mana contoh negara taiwan,positif
trus kalo tular gimana ibadah hibur dsb gimana,netral
indonesia tinggi muslim so takut allah lindung masjid shalat berjama ah masjid dihimbau isolasi bilang tunggu myaho sia,negatif
virus patuh sang cipta manusia patuh pimpin pimpin ridlo ilahi hendak adik kerja jakarta bogor wfh april berani pulang kampung halaman kangen dg ortu lindung ortu usia tt ya tuhan ampun hamba,netral
jakarta kalsu telat cegah nya trjadi wabah virus wuhan,negatif
tambah derita tinggal banyak masyarakat sadar perintah atas korona perintah masyarakat perintah indonesia cocok santuy,positif
peran perintah vital,positif
tolong les sekolah tutup buka les ngajar online kuga les kewalahan overwork area kapuk,negatif
buruk tangan negeri kena virus sdh korban meninggall,negatif
g gejala ko kena virus sih,netral
ya allah byk tinggal,netral
indonesia bangkrut rupiah jungkal dollar tembus rb prediksi rb bursa saham rontok hutang semangkin gunung jatuh tempo investor kabur virus corona semagkin rajalela korban jatuh perintah pusat lambat atas virus korona korupsi semangkin kpk tumpul oh indonesia menteri hubung bilang kena virus corona makan nasi kucing dmn sekarng mungkit maut lg intai ha ha ha,negatif
takut corona alumni kiamat,negatif
wadu angka mati korona dunia tinggi salah satu indonesia ayo kawan rumah aja zona merah,positif
trus isolasi awat nunggu ajal,netral
tinggal tanda kualitas layan sehat sadar masyarakat sehat rendah negara tetangga negara,positif
ajaib obat virus al qur an mari banyak baca alquran insyaallah allah rajaseluruhjagatraya kenan ajaib tuk tangkal virus dngn qur an,positif
beuh udah an infeksi cepat nya,positif
tokoh agama ormas nu muhammadiyah persis ldii dll komunikasi umat sholat rumah tahu orang jamaah masjid uzur syar i contoh spt pahala hitung pahala orang jamaah sholat rumah,positif
yatuhan aja tinggal sedih hidup gapernah tenang,positif
udah ga lockdown ntar hilang tuh virus nunggu aja cegah sembuhin,netral
asslkm wbrkth tinggal sholat jamaah doa orang jamaah lbh doa allah swt smg virus bawa sakit angkat,positif
tolong usaha ayam sop takut kena virus daerah kalimantan timur desa kerta bahakti kec long ikis kab paser dinas kesahatan peduli masyarakt peduli,negatif
masuk kerja pt,netral
bilang orang indonesia kuat,positif
udah infeksi asia tenggara death rate tinggi asia moga selesai,positif
takut korona,negatif
sadar mamen bijak perhati situasi kondisi ingat sehat murah biaya jaga sehat menjahui biaya bikin klenger,positif
rasanyah pulkam takut pake angkut bawa sakit,negatif
mohon perintah sedia alat lab pada ibukota propinsi jd pasien jangkit tunggu hasil lab kirim pusat tunggu hasil makan makassar pasien tinggal hasil lab terima pusat almarhumah positive jangkit corona tolong perhati perintah,positif
perintah rasa betapa dahsyat makhluk mata cipta allah maha kuasa maha virus serang wuhan cina negri bangga boleh masuk tka lazim wisatawan bulan masuk negri pandemik corona telat upaya karna virus sekitar hindar virus renggut keluarga allah maha esa buat minta allah maha kuat allah maha sembuh hindar sembuh virus banyak beristighfar mohon ampun laku dua lupa allah,positif
sja malaysia turun askar orang takut polistidak lockdown rakyat dengar cakap klau keras kepala paksa lockdown sekat sakit,negatif
indonesia persentase ko nya drpd survive nya,netral
mah comen dah toko sepi banget keluar imbang karna bahan bahan pokok anak anak kasi ga masuk sekolah jajan terus sumpah emak emak jerit untung nya sellau doa maha cipta moga corona cepet,positif
untung tinggal kampung aman virus,positif
ketat orang masuk indonesia kayak gin kali undang orang pariwisata indonesia wiwi ekonomi orang dipikirinnya orang suruh stay rumah emang siwiwi kasih makan biar stay rumah,positif
lockdown perintah jiwa positif panik perintah jiwa positif panikpemerintah jiwa positif panik,positif
ya alllah mkn byk sj sakit smoga cepat hilang virus sgt ngri indonesia berjuwang smoga cepat virus amin,positif
lapor provinsi,netral
warga jakarta pulang kampung gmn,netral
bandara indonesia tutup orang negeri masuk indonesia semenjak wabah virus corona turis masuk indonesia akibat nya perintah lamban tutup bandara turis masuk indonesia,negatif
pasar n super market belanja ramai harus pakai masker n penting rumah tugas lapang biar orang taat atur nya tindak dar himbauan aja,positif
bingung yah berfikirnya udah rencana kalo berat taro rumah sakit perintah terap kalo isolasi rumah positive positive orang penting sampe kalo dikit semuuuuaaaaaaaaaa karantina pdp positive karantina kalo dikit sampe nyebar bayangin italia jan positive tinggal dunia positive tinggal indonesia maret positive tinggal dunia ga lock down daerah epicenter jakarta nyebar daerah gmn,negatif
jakarta lockdown sajah,netral
odp pdp bukti perintah becus,netral
solusi boss biar minimalisir byk mninggal drmh trus iy solusi tp sdh kena positif corona ahli bs tinggal orang miskin dmnkah titik dlm sistem indonesia malaysia total ribu tp meningal bs tahan,negatif
tolong perintah perhati warga tida tinggal kati polisi pol pp tni bantu patroli awas liar,positif
sya udh gari flu batuk priksa dokter tp bingung rumah sakit layan gejala covid,negatif
asa virus kayak momok takut hantu masyarakat jadi masyarakat panik kalang kabut alhasil cari masker cari anti septik cari borong bahan baku makan dll hadap tenang panik makan sayur sayur minum air putih olahraga rutin jemur menit jam insyallah sehat,positif
jawa timur jagan jawa begutu jawa barat vs jawa jawa timur jawa barat benyeberan provinsi cepat ad kota contoh sby masuk sidoarjo begtu lbh fokus penangananya saran sih smua rakyat indonesia,positif
mobilitas kota jakarta sulit henti cepat sebar,negatif
rumah sayang nyawa tahan rumah isolasi takut lapar miskin tuhan rejeki hamba nya,negatif
sebel td paksa pasar bahan makan abis pasar hindar dr rame beli sayur beli tempat blm bel udh smp segitunya eee parkir nunggu istri belanja kali tutup parah ludah sembarang pdhl situ kanan kiri orang jarak dr meter aja jengkel tp samping santuy bngt kaya mngkin sungkan negur tp spt hrs wajib negur kanan kiri dr aja gemes bngt ken negur tp dibolehin suami takut ribut huh masyarakat tahu kaya an cepat musnah virus biar isa pulang kampung,negatif
kadang bingung kadrun pas corona indonesia bilang azab rakyat china,negatif
lawa lucu lucu mikiiirrrr,positif
klw perintah d usahak tki tkw mw pulang k indonesia d karang tina sebar utama dr tki tkw pulang dr negri stop orang asing masuk indonesia,positif
ikut teori probabilitas kerumun peluang penulularanya inkubasi mudah meta mudah penangananya mari sadar tinggal rumah putus mata rantai sebar moga atas,positif
toyota corona,netral
teman teman bantu perintah stay rumah giat masker alat cegah partisipasi efek indonesia moga cepat berkahir,netral
kpn kena lngsung bnyak y allah,positif
bikin atur indonesia dr sudut pandang orang miskin tegah orang kaya utama orang miskin gimana dampak udah masyarakat tengah orang kaya banyak salah jabat mah lihat dr sisi aja udah gaji bulan juta orang miskin hariaan ndak lockdown alangkah baik liat sisi,positif
,netral
aduh sulit masyarakat desa anda perintah isu virus corona d daerah asia tenggara perintah antisipasi tes mo masuk k indonesia hasil tes corona kluar d siap ruang karantina husus dy steril berangkat perintah indonesia negri isolasi tp tetep kerja sosial seniman gk kerja gk duit tp ekstra mawas tetep usaha layan customer jasa,negatif
tolong buat info kena tahap sampe sembuh tindak cegah,netral
sakit minggu makan kerja makan gilir sakit uang iklas biaya sembuh nya sampe pinjam,negatif
depan udh ribu,netral
salah perintah laut dukung perintah like,negatif
sakit flu batuk aja sya tahan sakit kalo corona suami hotel karyawan hari sdh d rmhkan krna hotel trs rugi kalo corna jga obat nya hotel tutup karyawan rumah hidup bsa tahan lapar anak beli masker harga mahal beli beras beli masker mati krna lapar beli beras mati krna corona,negatif
ya trmksh sunggh sngt jlas appn telh bicarakn semog brmnfaat hilang alloh mnyabut sakit vros amiinn,positif
ya allah lindung ya allah semga nya aamiin dlm lindung warga indonesia aamiin,netral
indonesia rakyat kebal kebal omelin kebal nasehat,netral
prnh salah perintah gamau trjdi,netral
sgt byk cepat kshkak obat byk tinggal kagak mana,positif
ya allah ampun selamat saudara saudari dunia moga dunia,netral
nambah korban obat kacau kacau,netral
bntar hu kalo nih rasa ngapain publikasi nih ama perintah,netral
maaf pa ga orang karna kerja sbgai tukang cukur rambut pa mohon cerah nya,negatif
hidup indonsia bangsa sesak aja mata duit serakah sda lengkap tp miskin,positif
malaysia skrg udh parah makan nasi kicap manis parah,positif
dilockdown rakyat ngak dalam rumah serba repot kayak negara rumah pake masker tuju melangar denda penjara indonesia ngak,negatif
yaallah indonesia banget tinggal,positif
diem rumah woy diem,netral
klu indo data publikasi tambah hari klu cina berita dah stabil tp orang pusat dr berita dr cina pinter kondisi stabil parah stabil orang dengar jd tenang lempar tanggung klu virus parah virus dr cina moga wabah,positif
corona islam jabarian qadarian jabarian nya allah manusia terima aja beriktihar usaha islam ajar allah izin laku akal beriktihar usaha allah sungguh iktihar sungguh allah maha kalah hendak makhluk cipta nya qadarian manusia hak atur campur tangan allah allah atur tawakal allah azza wa jalla wajib beriktihar usaha akal sungguh allah azza wajalla urus like suka ya,positif
lanjut jokowi silah masuk keindo tuk buzer lupa bully anies baswedan,netral
tunggu ajaib moga cepat temu vaksin ampuh lawan virus bajing,positif
jadi film contagion virus sprt corona asal cina nyebar negara gejala orang dngn sengaja wujud jadi sprt film krn kacau dunia,netral
kadang lockdown gin suka kasihan orang kerja serabutan hari ga ga dpt uang aja tukang becak jual pasar dllmana barang pokok,negatif
indonesia rakyat kebal,netral
udh sihhhh lockdown ajaaaa cm jaga jarak ngga bisaaaa,netral
jngan bpjs duit aje kagak gablek gue apalgi kalo sakit musim virus gin moga sehat semue,negatif
waaduuuhhh nambah teruuss teruus teruusss ya allah tolong,netral
penangananya bgt curiga langsung tarik isolasi nang taiwan ketat jurigai langsung isolasi g pandang warga aman rs cek g tunggu tes nya positif negatif,positif
rs medis kualitas,netral
kendali virus indonesia rasio mati,negatif
jokowi is the best,netral
harap perintah indonesia lockdown kacau lainlebih cegah obat sekala,netral
indonesia tinggal inalillahi wa inalillahi rojiun,netral
ya allah,netral
moga meni kasih,netral
knock dr survive tanda tanda pro player,netral
serius nanya kalo lockdown diapain sihh rial teriak lockdown kalo lockdown malem malem kelilinh naek motor nyari nasi goreng nama lockdown,negatif
kurir dr salah ekpedisi indonesia smpai msh paket kirim dr cina negri customer pnya paket takut mnerimanya takut smpai blum bagaiman kontak mmberi paket,negatif
perintah harap social distancing tpi g lockdown ya logika pikir diam rumah orang kecuali tabung ya aja tpi g makan lockdown puruk tpi gimna lgi klu hambat ya g pilih kecuali tes massal cepat ya tampa lockdown kitabbisa tekan sebar,positif
saran yahhsering berwudhukalian lihat warga islam wuhan jangkit corona warga islam wuhan tenjangkit corona,netral
koment nyimak isi berita welcome to indonesia,positif
takut papa virus corona takut corona,negatif
tenaga medis jug sedia bandara orang pergi kluar negeri biar kena deteksi din,positif
ya alloh cepat tarik pasu selesai tugas mahluk ciftaan mu corona lindung orang orang mu min mu minat muslimin muslimat ya alloh corona virus diciftakan mu taubat beri hidayah taubat jalan perintah ya alloh amin ya robbal alamin,positif
banyak konferensi pers ngomong praktik ny ga sesuai perintah abal abal,positif
test virus corona bayar juta d pandemi sebar luas msih orang orang ambil untung,netral
biar kena korona nnt ga tolong tinggal d kasih tau pd ngeyel ya,netral
henti henti nya mati positif woe sadar himbauan masarakat orang nonton berita solusi karna sebar sebab jalur terbang daerah maunpun asing mas buka mas nyebrang daerah daerah jawa sulewesi bal papua kalimantan lombok perintah biar masuk butuh pokok manusia larang masuk nyawa anggap reme negara italia pemerintaah rakytanya anggap reme ratus mayat kubur karna rumah sakit alat bantu napas sedia sehingha mati kena ribu indonesia ikut italia keri alat bantu napas ribu ratus ribu korban sanggup jln lockdown daerah biar masuk butuh makan lambat presiden,negatif
ga bahaya bilang bahaya,negatif
kenapaaa indonesiaa kebijaksanaaan pakai masker kenapaaa lihat negara negara merekaaa pakai masker menhindari tular please dech masker,netral
umum resmi perintah ind warga ind infeksi positif corona tgl orang tgl selang wktu,positif
inisiatif virus bahaya lockdown biar ga tular,netral
sampah jakarta tolong isolasi senayan jaga jaga corona nya bekas masuk wilayah jabar detik kirim nya virus d situ nongkrong polisi bubar hadeuuhhh,negatif
covid cucitangan wudhu o ollahraga,netral
mati ya mati aja pegang kunci sorga takut virus corona,negatif
suruh masyarakat antisipasi tp negara lock down gmn,negatif
data nya update data daerah blum masuk contoh sulawesi selatan mati salah pasien positif nya udah tinggal tgl maret hasil lab tanggal maret jenasah laku kena odp makassar tingkat,positif
santuy badai lalau istri hamil moga aja ga,positif
jawa manado jakarta gubernur anies baswedan peduli wabah alat deteksi beli pakai uang anggar daerah nominal tahu check terus,netral
detik indonesia dapet ranking persentase mati corona dunia total positif mati makasih menkes juara,positif
jokowi indonesia lockdown,netral
tinggal sembuh sih kacau banget borok rejim jokowi tingkat layan sehat beton mulu otak,positif
